job_link,job_name,job_contract,job_location,job_categories,job_published_at,job_description,job_level,company_name,company_domain,company_linkedin_url,company_industry,company_staff_count,company_tools,company_address,company_labels,company_description,company_logo,company_jobs,company_nb_of_jobs
https://www.welcometothejungle.com/fr/companies/tudigo/jobs/devops-en-alternance_bordeaux?q=3bac4df0f52397b4e4df1bd50c195251&o=1826506,DEVOPS en alternance,None,"1, Rue d'Enghien, Bordeaux, 33000",todo,2023-05-26,"Descriptif du poste En tant que DEVOPS, tu √©volueras au sein d‚Äôune √©quipe dynamique et joviale, sous la responsabilit√© de notre CTO. Tes missions seront les suivantes : Prendre en charge le d√©ploiement et l‚Äôint√©gration de nos environnements (du dev √† la prod) - Gitlab Maintenir et faire √©voluer notre infrastructure Cloud Mise en place de notre solution de logging, alerting, dashboards‚Ä¶ Automatiser tout ce qui peut l‚Äô√™tre dans nos outils, afin de se faciliter la t√¢che et d‚Äôassurer une standardisation Mise en place de processus et les documenter Am√©liorer en continu la s√©curit√© de nos syst√®mes et infrastructures Les avantages : Bureaux en plein c≈ìur de Bordeaux (aux Quinconces) √âquipe tr√®s dynamique et joviale R√©mun√©ration : en fonction de la convention collective Tickets Resto, forfait mobilit√© durable, forfait transport public, caf√©/th√©/fruits ‚Ä¶",None,TUDIGO,https://www.tudigo.co/,https://www.linkedin.com/company/tudigo,√âconomie collaborative,30,"NoneSymfony, Redis, PHP, Node.js, MySQL, Go, TypeScript, Twig, React, Less, jQuery, JavaScript, React JS, Angular, Tr√¶fik, Scaleway, Kubernetes, Docker, AWS, GitLab CI","Bordeaux, Paris",todo,"Qui sont-ils ? TUDIGO est une plateforme digitale qui met en relation les porteurs de projets (startups, associations et TPE/PME fran√ßaises‚Ä¶) avec des citoyens, des √©pargnants qui souhaitent dynamiser et donner du sens √† leur √©pargne en investissant dans des entreprises locales et/ou innovantes (medtech, biotech, foodtech, nouvelles mobilit√©s, √©nergies renouvelables, digital). Pionnier du circuit court de l‚Äôinvestissement, Tudigo accompagne les entreprises dans leurs phases de lancement ou d√©veloppement - sur des montants allant de 1 500 ‚Ç¨ √† 8 M‚Ç¨ - et aide les citoyens √† fl√©cher leur √©pargne vers l‚Äô√©conomie r√©elle. Depuis notre cr√©ation en 2012, plus de 70 millions d‚Äôeuros ont √©t√© lev√©s avec notre plateforme (agr√©√©e et contr√¥l√©e par l‚ÄôAMF), et 2500 entreprises financ√©es par une communaut√© de 200 000 Epargn‚ÄôActeurs. Avec + de 100% de croissance du chiffre d‚Äôaffaires et des montants investis en 2021 (entre 200 et 1 M‚Ç¨ investis par semaine) et + 400% de croissance au 1er semestre 2022, nous recherchons des talents ambitieux et souhaitant nous accompagner dans ce nouveau chapitre. L‚Äôobjectif d‚Äôici √† 2025 est d‚Äôavoir aid√© 1 million de citoyens √† investir 1 milliard d‚Äôeuros dans la transition environnementale et soci√©tale.",https://cdn-images.welcometothejungle.com/JvI6OsLCo1eXoHBpSRgeoWleUbZy3-MsJzwxsJjEc50/rs:auto:400::/q:85/czM6Ly93dHRqLXByb2R1Y3Rpb24vdXBsb2Fkcy9vcmdhbml6YXRpb24vbG9nby8zMzU3LzE0NzMyNi8yNmJlZDBiMS1mOTlkLTQ5ZjgtYTg0Zi1kYzBhNGMyNjBkOTkuanBn,"NoneDEVOPS en alternance
D√©j√† vu, Support SI en alternance, Analyste Financier Back, UX / UI Exp√©riment√©¬∑e, Assistant de direction, Designer Graphique - CDI, Conseill√®re / Conseiller en Investissement - Startup / Immobilier, Bras droit du CEO",8
https://www.welcometothejungle.com/fr/companies/eleven-labs/jobs/lead-devops_paris_EL_7RJ8313?q=3bac4df0f52397b4e4df1bd50c195251&o=1744773,SRE / DevOps,None,"102, Rue du Faubourg Saint-Honor√©, Paris, 75008",todo,2023-05-26,"Descriptif du poste Es-tu notre nouveau Lead DevOps ? Nous recherchons une personne pour qui Automatisation et Conteneurisation font partie du langage courant (Linux, Docker, CI/CD, Infra as Code), disposant de solides connaissances en Cloud public et H√©bergement (AWS, GCP, Azure), ou en orchestration de containers (Kubernetes). Outre cet aspect purement technique, on attend aussi quelqu‚Äôun qui sache challenger une infrastructure en proposant des am√©liorations ou des nouveaut√©s pertinentes.",None,ELEVEN LABS,http://www.eleven-labs.com/,https://www.linkedin.com/company/eleven-labs,"Audit, IT / Digital, Logiciels",100,"NoneSymfony, RabbitMQ, PHP CS Fixer, Node.js, GraphQL, Go, Nest JS, Python, TypeScript, React JS, Next.js, Vue.js, SvelteJS, Terraform, Kubernetes, Google Cloud Platform, GitHub, ESLint, Docker, Ansible, HashiCorp Vault, FluxCD, AWS, Google BigQuery, React Native, PHPUnit, PHPStan, GitLab CI, Chai, Behat, Scrutinizer, Mocha, Karma, Jest, Jenkins, Github Actions, Trello, Slack, JIRA, Asana, Visual Studio Code, Prettier, PhpStorm, WebStorm, Vim, Prometheus, New Relic, Grafana, ELK, Datadog, Sketch, Figma","Paris, Montr√©al, Nantes",todo,"Qui sont-ils ? Eleven Labs est une soci√©t√© de conseil, sp√©cialis√©e en cr√©ation et r√©alisation de projets Web agiles de qualit√©. Les astronautes interviennent sur des missions qu‚Äôils choisissent, et elles sont ax√©es sur du d√©veloppement, de l‚Äôarchitecture, de la conduite de projet Agile, de l‚Äôaudit et du conseil. Au quotidien, tout est fait pour encourager la progression et l‚Äô√©panouissement technique, √† travers des plateformes d√©di√©es √† l‚Äôapprentissage (le blog, le codelabs, des acc√®s √† Udemy et egghead.io‚Ä¶), ou gr√¢ce √† des √©v√©nements internes (workshops, meetups, formations‚Ä¶) r√©guliers.",https://cdn-images.welcometothejungle.com/qAFXJph9z7vyzCZy9C_xVfsdOIJBagrifYCZI8ajyLk/rs:auto:400::/q:85/czM6Ly93dHRqLXByb2R1Y3Rpb24vdXBsb2Fkcy9vcmdhbml6YXRpb24vbG9nby84ODMxLzE1NDM4My9mNDlmYzM2Yi1iMmU0LTQ0OTktYTBhNS0yYWRiYzUxZGI0OTYucG5n,"NoneRecruteur / Talent Acquisition Specialist (H/F), D√©veloppeur Fullstack Symfony React (H/F), Data Engineer H/F, D√©veloppeur(se) Node.js Confirm√©(e), SRE / DevOps
D√©j√† vu, D√©veloppeur(se) Fullstack JavaScript Confirm√©(e), D√©veloppeur.se Java / JavaScript H/F, D√©veloppeur(se) Java / Javascript",8
https://www.welcometothejungle.com/fr/companies/groupe-les-echos-le-parisien/jobs/ingenieur-devops-h-f_paris?q=3bac4df0f52397b4e4df1bd50c195251&o=1868873,Ing√©nieur DevOps H/F,None,"10, Boulevard de Grenelle, Paris, 75015",todo,2023-05-26,"Job description Le Groupe Les Echos ‚Äì Le Parisien s‚Äôadresse chaque mois √† 25 millions de Fran√ßais. Fort de l‚Äôexpertise de ses 1 600 collaborateurs dont quelque 700 journalistes, dot√© d‚Äôun portefeuille de marques prestigieuses, il cultive deux grandes valeurs : l‚Äôexigence de qualit√© et un esprit r√©solument tourn√© vers l‚Äôinnovation. Filiale m√©dia du Groupe LVMH, le Groupe Les Echos Le Parisien occupe un leadership sur plusieurs march√©s : Presse √©conomique : Les Echos Presse quotidienne g√©n√©raliste : Le Parisien ‚Äì Aujourd‚Äôhui en France Information financi√®re : Investir, Boursier.com Arts & Culture : Radio Classique, Mezzo, medici.tv, Connaissance des Arts Ev√©nementiel : Viva Tech, M√©dias en Seine, Inclusiv‚Äô Day‚Ä¶ Services aux entreprises : brand content, d√©mat√©rialisation, publication d‚Äôannonces, Entrepreneurs‚Ä¶ Poste au sein de la DN - LE PARISIEN (Uniquement en CDI) Nous recherchons un ing√©nieur DevOps H/F pour rejoindre notre super team technique Le projet: Tu interviendras sur les syst√®mes r√©dactionnels sp√©cifique √† la r√©daction (bimedia web et print), Tu participeras aux √©volutions de l‚Äôinfrastructure au sein de la direction technique, Tu est rattach√© au responsable informatique r√©dactionnelle. Ta mission est d‚Äôassurer le bon fonctionnement et la continuit√© de service des sites web et des applications m√©tiers, d‚Äôint√©grer les nouvelles solutions, d‚Äôam√©liorer les performances et le monitoring et √©galement de participer √† l‚Äô√©volution du syst√®me d‚Äôinformation √©ditorial dans le respect des meilleures pratiques et des processus qualit√©. Tu travailles en collaboration √©troite avec les √©quipes de d√©veloppement, les √©quipes QA, et les √©quipes produit sur l‚Äôensemble du p√©rim√®tre √©ditorial. L‚Äô√©quipe: 5 personnes 4 DevOps + le lead infra Tes Missions principales: - Maintenance corrective et √©volutive et maintien en conditions op√©rationnelles du syst√®me r√©dactionnel et de l‚Äôarchitecture technique o Faire l‚Äôanalyse technique des besoins clients (r√©daction, √©quipe produit, marketing‚Ä¶). o Rechercher et analyser les solutions techniques, les outils, participer aux choix de technologies, de solutions et d‚Äôarchitectures. o Participer √† la conception technique et √† la mod√©lisation. o Participer au d√©coupage des sc√©narios utilisateurs en t√¢ches, aux estimations de charge de travail, et √† la planification globale dans un contexte agile. o V√©rifier le respect des normes et des best practices (s√©curit√© informatique, qualit√©‚Ä¶). Tu seras rattach√© √† Said, Lead infra du Parisien au sein de la Direction technique. T√©l√©travail : Pr√©sence 2/3j sur site Poste bas√© √† Paris 15. Nos + : Formations, la possibilit√© d‚Äôaller √† des √©vents en lien avec ton activit√©",None,GROUPE LES ECHOS LE PARISIEN,https://lesechosleparisien.fr/,https://www.linkedin.com/company/groupe-les-echos-le-parisien,"Digital, Ev√©nementiel, M√©dia",1600,None,Paris,todo,"Who are they? Qui sont-ils ? Au Groupe Les Echos Le Parisien, nous sommes des √©quipes passionn√©es par la place √† donner √† l‚Äôinformation, √† la mobilisation et √† l‚Äôaccompagnement des citoyens et des entreprises. Nous sommes une m√©dia tech company. Pour cela, 1600 collaborateurs exercent pr√®s de 30 m√©tiers diff√©rents avec plus de 150 profils ¬´ tech ¬ª. Nos 113 ann√©es d‚Äôhistoire et nos 35 marques soulignent l‚Äôagilit√© de nos ambitions qui traversent les √©poques et embrassent les enjeux contemporains. Elles sont un socle pour construire l‚Äôavenir. Fiers de ces ancrages, nous inscrivons √©galement nos actions dans les d√©fis environnementaux et soci√©taux. Rejoindre le Groupe Les Echos Le Parisien, c‚Äôest √©crire cette histoire.",https://cdn-images.welcometothejungle.com/TiPXXyH4GTheRJeMh8MOUGNePnnhGcDQ1UV_IynSuM0/rs:auto:400::/q:85/czM6Ly93dHRqLXByb2R1Y3Rpb24vdXBsb2Fkcy9vcmdhbml6YXRpb24vbG9nby8zMDQwLzE2NzE1My85YzEzYzEzYS03MzkxLTQ3ZmEtYjZhMS02MmEyNTZlMjYwNzEucG5n,"NoneIng√©nieur DevOps H/F
D√©j√† vu, Digital analyst alternant F/H, Assistant chef de produit stagiaire F/H, Directeur Artistique (F/H) - Les Echos - S√©rie Limit√©e, Gestionnaire de base de donn√©es (F/H), Fullstack Developer / Front (F/H), Developper Front-End React (F/H), Assistant de communication F/H, Charg√© des r√©seaux sociaux stagiaire F/H, Assistant Chef de Produit stagiaire F/H, Assistant √† la coordination de l'antenne stagiaire F/H, Community Manager (F/H), Charg√© de production Learning en alternance F/H, Commercial terrain BtoC F/H, Assistant(e) Administratif(ve) des Partenariats F.H, Comptable Fournisseurs F.H, Customer Success Manager BtoB (F/H), Responsable SEO (F/H), Business Developer (F/H), Data Scientist (F/H), Software Engineer (F/H), DevOps (F/H)",22
https://www.welcometothejungle.com/fr/companies/atyos/jobs/consultant-devops_hoenheim?q=3bac4df0f52397b4e4df1bd50c195251&o=1439466,Ing√©nieur(e) DevOps,None,"31, Route de la Wantzenau, Hoenheim, 67800",todo,2023-05-26,"Descriptif du poste Au sein d‚ÄôAtyos, nous √©voluons dans un contexte pur Cloud, qui vous permettra de travailler sur des sujets d‚Äôautomatisation d‚Äôenvironnements et de mise en place de pipeline CI/CD sur la plateforme Cloud AWS Nous attachons beaucoup d‚Äôimportance √† la curiosit√© et √† la veille technologique et nous offrons du temps et des moyens √† chacun pour se former et se certifier sur les technologies que nous utilisons ou que nous utiliserons. La mission: La mise en place de workflows d‚Äôint√©gration et de d√©ploiement continu Le design des processus de d√©ploiement d‚Äôapplication traditionnelles et cloud native L‚Äôautomatisation des d√©ploiements des diff√©rents environnements L‚Äôaccompagnement des √©volutions de plateformes, afin de soutenir au mieux les applications La mise en place des process de monitoring / alerting / logging La consolidation et la refactorisation des scripts d‚ÄôIaC Mise en place de tests de performance Notre contexte technique: OS : Amazon Linux, CentOS/RHEL, Windows Server Orchestration des conteneurs : Amazon ECS, Kubernetes Infrastructure as Code : CloudFormation, Terraform Gestion de code source : GitLab CI/CD‚ÄØ: GitLab CI Scripting : Bash, Python, PowerShell Monitoring : Prometheus, Grafana",None,ATYOS,https://www.atyos.io/,https://www.linkedin.com/company/atyos,"Application mobile, Logiciels, SaaS / Cloud Services",21,None,Hoenheim,todo,"Qui sont-ils ? Atyos est une entreprise qui aide ses clients √† r√©inventer leur mani√®re de g√©rer leurs infrastructures et applications afin qu‚Äôelles r√©pondent aux besoins de flexibilit√© et d‚Äôefficacit√© n√©cessaires √† l‚Äôam√©lioration de leur Time to Market. Anim√©e par un mindset DevOps, notre √©quipe se sert des technologies Cloud pour que nos clients disposent de solutions leur permettant d‚Äôacc√©l√©rer l‚Äôinnovation propre √† leur business.",https://cdn-images.welcometothejungle.com/Ea5G_zsZ8Jo_-Ard96EpVchAzj4o4YrJkJnl3Vt1aCE/rs:auto:400::/q:85/czM6Ly93dHRqLXByb2R1Y3Rpb24vdXBsb2Fkcy9vcmdhbml6YXRpb24vbG9nby85MTU4LzE2NTIzNS9kZTQ1MWJlNi0yMDllLTQxNjAtYWYwZi00M2JlZDBmOWQ2ODAucG5n,"NoneIng√©nieur(e) DevOps
D√©j√† vu, Consultant(e) Infrastructure Cloud",2
https://www.welcometothejungle.com/fr/companies/side/jobs/devops-engineer_paris_SIDE_akQGj6O?q=3bac4df0f52397b4e4df1bd50c195251&o=1211384,DevOps Engineer,None,"8, Rue des Pirogues de Bercy, Paris, 75012",todo,2023-05-26,"Descriptif du poste About the role Side is seeking an experienced DevOps Engineer to join our team and push our web applications to the next level Your mission? Use your cloud & monitoring experiences to push our platforms‚Äô stability to the next level. Once onboarded, use a fresh mindset to keep improving our processes and bring finer monitoring and responses actions to our various environments and services. We host nearly a hundred microservices going from Golang API gateways to react frontends or data powered Pythons services. Use your skills and ideas to help us ensure an ideal experience for all our users. What we need your help with Contribute and improve our monitoring mechanism and coverage Improve our tooling Own our disaster recovery mechanisms Offer better mechanism in term of automation for our workflow Offer solutions to duplicate our product for new countries/customers Infuse DevOps knowledge to improve developers‚Äô autonomy",None,SIDE,https://www.side.co/,https://www.linkedin.com/company/10932854,"Application mobile, Recrutement",115,"NoneMongoDB, Go, PostgreSQL, Kafka, Python, Node.js, TypeScript, React JS, HTML5, CSS3, Redux.js, Prometheus, GitLab, Docker Swarm, AWS, Packer, Terraform, Segment, Looker, Grafana, Apache Airflow, Amplitude, Google Analytics, Swift (iOS), Kotlin (Android), Java (Android), Flutter, Notion.so, Asana, Slack, Visual Studio Code, Vim, PyCharm, Sentry, ELK, AWS CloudWatch",Paris,todo,"Qui sont-ils ? Side est l‚Äôagence d‚Äôint√©rim 100% en ligne et humaine. Elle a √©t√© lanc√©e en 2016 par 4 amis tout juste sortis de leurs √©tudes. Apr√®s de nombreux jobs √©tudiants, ils √©taient convaincus qu‚Äôen utilisant le digital, il √©tait possible de cr√©er une nouvelle exp√©rience de travail temporaire, plus simple, plus fiable et plus √©panouissante. C‚Äôest pour √ßa qu‚Äôils ont lanc√© Side et qu‚Äôils ont rassembl√© autour d‚Äôeux une √©quipe de +120 collaborateurs mobilis√©s pour cr√©er la meilleure exp√©rience en France, ainsi que 300,000 ‚ÄúSiders‚Äù et 3,000 clients - de la start-up au grand groupe (Etam, Go Sport, DB Schenker, Stuart, Blablacar‚Ä¶). Ils d√©veloppent une app mobile pour les candidats et un outil en ligne pour les entreprises, qui leur permettent de travailler ensemble en moins de 24h, sans se soucier de la charge administrative. Pourquoi rejoindre Side ? üí• Tu souhaites avoir un r√©el impact sur le march√© du travail de demain ? Nous avons besoin de talents comme toi ! üí´ Notre mission est d‚Äôapporter une nouvelle exp√©rience du travail temporaire √† nos candidats et entreprises partenaires : plus fiable, plus simple et plus humaine que ce qui existait jusqu‚Äô√† pr√©sent. Nous sommes une agence en ligne d‚Äôint√©rim, qui se diff√©rencie des autres par : la fiabilit√© du service la simplicit√© d‚Äôusage l‚Äôhumain incarn√© par nos √©quipes et nos solutions. Notre r√¥le est d‚Äôapporter un tremplin vers l‚Äôemploi pour les candidats et une haute qualit√© de service pour les entreprises qui recrutent. üåü Les 3 valeurs cl√©s chez Side sont les suivantes : Fight For ‚ÄúYes‚Äù signifie : rester positif, quoiqu‚Äôil arrive, car les choses se passent rarement comme pr√©vues. Chercher et trouver des solutions. Vivre l‚Äôaventure avec enthousiasme.Chez Side nous prenons du plaisir autant dans les grandes victoires que dans les petits accomplissements du quotidien. Be Champions signifie : voir les choses en grand ! Se mettre √† la place de l‚Äôutilisateur, construire la meilleure exp√©rience de travail en faisant preuve de cr√©ativit√©, d‚Äôexcellence et d‚Äôengagement. Travailler √† devenir chaque jour un peu meilleur.es, tels des sportifs de haut niveau, pour avoir un impact r√©el sur le futur du travail en France et dans le monde. Be Buddies signifie que Side √©tait d‚Äôabord une √©quipe avant d‚Äô√™tre une entreprise. Les int√©r√™ts collectifs passent toujours avant les int√©r√™ts personnels. Nous demandons √† chacun de faire preuve d‚Äôempathie et de solidarit√© avec les autres. De communiquer r√©guli√®rement sur son √©tat d‚Äôesprit, notamment dans le cadre du t√©l√©travail. Side garantit l‚Äô√©galit√© des chances √† tous les candidat.e.s. Chaque candidature re√ßue est prise en consid√©ration ind√©pendamment de l‚Äôorigine ethnique et raciale, des opinions, des croyances, du sexe, de l‚Äôorientation sexuelle, de la sant√© ou du handicap.",https://cdn-images.welcometothejungle.com/bfF3FjdAF1AyPHI9FzWDQ2X6Y0dtsH6R2g86yPvWy5E/rs:auto:400::/q:85/czM6Ly93dHRqLXByb2R1Y3Rpb24vdXBsb2Fkcy9vcmdhbml6YXRpb24vbG9nby83MTIyLzE0Nzg2OS85N2UwOTU4Yy03MTYyLTRjYzAtODgzNi0zOWEwNTY4ZWNlZmYucG5n,"NoneSales / Business Developer.euse / Account Executive Junior - CDI - Paris / Remote, Customer Support B2C, Assistant.e commercial.e / Facturation, DevOps Engineer
D√©j√† vu, Gestionnaire de Paie - CDD - Paris, Responsable IT - CDI - Fulltime (38h) - Paris, Product Designer, Customer Success Manager Junior - Alternance - Paris, Delivery Manager, Charg√©.e de Recrutement - CDI - Paris / Remote, Revenue Ops Manager - CDI - Paris / remote, Customer Success Manager Junior - Stage - Paris, Data Analyst Jr - CDI - Paris / Remote, Lead Delivery Manager, Lead Product Designer, Charg√©.e de Recrutement - CDD - Paris / Remote, Product Owner, DevOps Engineer Junior",18
https://www.welcometothejungle.com/fr/companies/bti-advisory/jobs/ingenieur-devops_paris?q=3bac4df0f52397b4e4df1bd50c195251&o=1804928,Ing√©nieur DevOps,None,"18, Rue Drouot, Paris, 75009",todo,2023-05-26,"Descriptif du poste En tant qu‚ÄôIng√©nieur Cloud & Devops, vous intervenez en mission chez nos clients sur des sujets d‚Äôarchitecture cloud, d‚Äôautomatisation, de CI/CD et d‚Äô√©vang√©lisation DevOps. Vous serez immerg√©.e au sein des √©quipes de nos clients et vos principales missions seront‚ÄØ: ¬∑  Automatisation des d√©ploiements d‚Äôinfrastructures dans le Cloud ¬∑  Recommandations sur les best practices (FinOps, S√©curit√©, Well Architected Framework). ¬∑  Automatisation des d√©ploiements des composants applicatifs. ¬∑  Automatisation de la gestion des d√©ploiements ¬∑  Mise en place des syst√®mes de monitoring, alerting, backup. ¬∑ R√©aliser la veille technologique et contribuer activement √† la mont√©e en comp√©tences des consultants DevOps juniors chez BTI ‚Äì Advisory",None,BTI ADVISORY,https://bti-advisory.com/,https://www.linkedin.com/company/bti---advisory,"Application mobile, IT / Digital, Transformation",36,"NonePython, Java, Go, JavaScript, GitLab, AWS, Docker, Terraform, Ansible, Azure, Grafana, Jenkins, Cucumber",Paris,todo,"Qui sont-ils ? BTI-Advisory est un cabinet de conseil en IT fond√© en 2016 qui est convaincu que la transformation digitale fera partie int√©grante du monde de demain et qu‚Äôelle doit avoir un impact soci√©tal positif.‚ÄØNous voulons devenir les b√¢tisseurs des grandes transformations num√©riques √† venir. Pour ce faire, nous mettons l‚Äôexcellence collective au c≈ìur de nos pr√©occupations pour coconstruire les transformations de nos clients. Pour apporter des r√©ponses durables et adapt√©es aux besoins particuliers de nos clients, nous avons d√©velopp√© une offre de services augment√©e qui s‚Äôarticule autour : De 4 expertises m√©tiers permettant d‚Äôaccompagner nos clients de la strat√©gie √† la mise en ≈ìuvre de leurs projets num√©riques‚ÄØ; Des centres d‚Äôexcellences qui portent nos convictions et r√©unissent des expertises de haut niveau pour assister nos clients √† adresser des probl√©matiques technologiques et m√©tiers‚ÄØ; Et enfin une offre de services augment√©e avec notre √©cosyst√®me de partenaires cibl√©s.",https://cdn-images.welcometothejungle.com/RL-18oy9epWLwYusUIxPURn7TS-vtudshvZuWMZQcs4/rs:auto:400::/q:85/czM6Ly93dHRqLXByb2R1Y3Rpb24vdXBsb2Fkcy9vcmdhbml6YXRpb24vbG9nby84NzU1LzE2MDYyMi9hOTcxZjhhOS1kOWM4LTQ2MTEtYTU3MS0zMzEzYWZiMWUxMWQucG5n,"NoneConsultant en Strat√©gie IT, Office manager, Ing√©nieur DevOps
D√©j√† vu, Architecte SI, D√©veloppeur Java Angular Junior, Lead D√©veloppeur .Net Core, Lead D√©veloppeur Java Angular, D√©veloppeur react.js /node.js, Talent Acquisition, Project Management Officer (PMO), Data Engineer BI, UX Designer, Product Owner",13
https://www.welcometothejungle.com/fr/companies/adscientiam/jobs/ingenieur-devops-h-f_paris?q=3bac4df0f52397b4e4df1bd50c195251&o=1684146,Ing√©nieur DevOps H/F,None,"21, Rue Albert Bayet, Paris, 75013",todo,2023-05-26,"Descriptif du poste üéØ Vos missions sont les suivantes : Evolution et maintenance les pipelines d‚Äôint√©grations et de releases (CI/CD) des projets de la soci√©t√© (C#, Angular, Swift, Python et powershell ); Connaissance GitFlow/Trunk Based en strat√©gie GIT; D√©veloppement de la base devops d‚ÄôAd Scientiam. Participation √† la d√©finition et la mise en oeuvre de la gestion des releases Automatisation de certains process ( changelog, d√©ploiement interne , flavors ) dans un environnement Azure Devops. Avoir une app√©tence pour la cybers√©curit√©.",None,AD SCIENTIAM,https://www.adscientiam.fr/,https://www.linkedin.com/company/ad-scientiam,"Application mobile, Intelligence artificielle / Machine Learning, Sant√©",56,"None, , , , , , ",Paris,todo,"Qui sont-ils ? Ad Scientiam est une start-up, bas√©e dans le 13√®me arrondissement √† Paris. Au c≈ìur du projet d‚ÄôAd Scientiam se trouve une conviction : mesurer et suivre l‚Äô√©volution des maladies graves et invalidantes, en continu et en vie r√©elle, est indispensable √† une meilleure prise en charge des personnes malades. Ad Scientiam prend ce pari scientifique et technologique, pour qu‚Äôaujourd‚Äôhui chaque malade puisse √™tre acteur de sa sant√© et pour acc√©l√©rer le d√©veloppement de nouveaux traitements. Nous nous engageons pour que demain la m√©decine soit plus pr√©dictive, pr√©ventive et individualis√©e. Nous en faisons le fondement de notre m√©tier. Nous concevons, validons et mettons en ≈ìuvre des biomarqueurs digitaux qui mesurent en continu et en vie r√©elle l‚Äô√©volution de la maladie.",https://cdn-images.welcometothejungle.com/O6jgr6m0ygWkq9ZdZfAHEOWn1lb0McZvlG5QOesKhcM/rs:auto:400::/q:85/czM6Ly93dHRqLXByb2R1Y3Rpb24vdXBsb2Fkcy9vcmdhbml6YXRpb24vbG9nby8wNjAxLzE1MjE1Ni84OTZiZTYwYy02MDIzLTQyMTctODdkOC1iNzk5MGEzMGY2ODYuanBn,"NoneIng√©nieur DevOps H/F
D√©j√† vu, Chef de projet clinique international H/F, UX researcher H/F, Lead Biostatistiques et Data management H/F, D√©veloppeur IOS confirm√© H/F, D√©veloppeur Android confirm√© H/F, Chef de projet innovation m√©dicale H/F, Biostatisticien / Data manager H/F, Attach√©(e) de recherche clinique H/F",9
https://www.welcometothejungle.com/fr/companies/dilitrust/jobs/administrateur-bases-de-donnees-devops_la-defense?q=3bac4df0f52397b4e4df1bd50c195251&o=1664761,Administrateur Bases de Donn√©es DevOps,None,"Esplanade du G√©n√©ral de Gaulle, La D√©fense, 92400",todo,2023-05-26,"Descriptif du poste Bas√© √† La D√©fense, tu seras int√©gr√© √† l‚Äô√©quipe DevOps qui comptent 12 collaborateurs r√©partis entre la France, l‚ÄôEspagne et le Canada. Tu interviendras dans un contexte international √† travers un Syst√®me d‚Äôinformation hybride et international dans la gestion d‚Äôun parc constitu√© d‚Äôenviron 350 assets. La mission principale consiste √† maintenir, automatiser et faire √©voluer le SI de production en qualit√© de r√©f√©rent bases de donn√©es au sein de l‚Äô√©quipe DevOps. L‚Äôactivit√© se compose comme suit :  R√©f√©rent bases de donn√©es sur MySQL et PostgreSQL D√©finition des normes et hardening Gestion des nouveaux produits (BDD, outils) Analyse des performances Gestion et suivi du parc, de son cycle de vie et des acc√®s utilisateurs au sein de l‚Äô√©quipe DevOps ; Gestion des incidents N3 ; Administration des syst√®mes Linux, Docker et orchestrateurs Kubernetes ; Automatisation des t√¢ches via Terraform, Ansible ; Gestion des logs, des backups et du monitoring ;",None,DILITRUST,https://www.dilitrust.com/,https://www.linkedin.com/company/dilitrust,"Logiciels, SaaS / Cloud Services, Service juridique",45%,None,"La D√©fense, Ciudad Cuauht√©moc, Dubai, Madrid, Milano, Montreal, Paris",todo,"Qui sont-ils ? DiliTrust est LA solution SaaS de r√©f√©rence utilisant l‚ÄôIA pour accompagner les directions juridiques et la gouvernance d‚Äôentreprise. Nous am√©liorons le quotidien des juristes, des conseils et des dirigeants, en apportant des solutions s√©curis√©es qui acc√©l√®rent leur transformation digitale. La suite DiliTrust Governance r√©v√®le tout le savoir faire de nos clients, leur simplifie le quotidien avec des solutions technologiques avanc√©es et un service ‚Äúpremium‚Äù, au plus proche de leurs op√©rations. La suite permet d‚Äôautomatiser les op√©rations, de d√©cider en temps r√©el, de collaborer efficacement avec une information s√©curis√©e et accessible, tout cela avec une exp√©rience utilisateur exceptionnelle. Avec une op√©ration de 130M‚Ç¨ en financement en 2022, l‚Äôobjectif est d√©sormais devenir la premi√®re licorne fran√ßaise des legaltechs. Venez participer √† cette grande aventure ! D√©j√† implant√©e sur plusieurs continents avec des bureaux √† Duba√Ø, au Canada, au Mexique‚Ä¶ DiliTrust compte aujourd‚Äôhui plus de 2 300 clients dans 50 pays, dont plus de la moiti√© des entreprises du CAC40 et des groupes majeurs en Europe, Am√©rique du Nord, Afrique et Moyen-Orient. Dilitrust a obtenu le label ¬´‚ÄØHappy at work‚ÄØ¬ª en 2020, 2021, 2022 !",https://cdn-images.welcometothejungle.com/Mic4HGXUFv9F0qwbPg_6Ze1VrkCwgMUAlw9_c4J3wlE/rs:auto:400::/q:85/czM6Ly93dHRqLXByb2R1Y3Rpb24vdXBsb2Fkcy9vcmdhbml6YXRpb24vbG9nby8xNTYxLzE2NDg4My8xM2Y2OTRmZC1lMTZmLTQxMjctODQ5Yy1jMWFlODUyMjljNjQucG5n,"NoneIng√©nieur Support IT, Customer Success - Sp√©cialiste Support Produit, Customer Success / Chef de projet onboarding clients, Administrateur Bases de Donn√©es DevOps
D√©j√† vu, Account manager/CSM (F/H), Legal expert (F/H), Lead DevOps Engineer (F/H)",7
https://www.welcometothejungle.com/fr/companies/expertime/jobs/consultant-devops-cloudops-azure-h-f-cdi?q=3bac4df0f52397b4e4df1bd50c195251&o=1610935,Administrateur Azure / DevOps (H/F) - CDI,None,None,todo,2023-05-26,"Descriptif du poste En tant qu‚ÄôAdministrateur Azure / DevOps (H/F), vous serez responsable de la mise en place et de la gestion des infrastructures sur Azure de nos clients, en veillant √† la qualit√©, √† la performance et √† la disponibilit√© de leurs applications. Administrateur reconnu et id√©alement valid√© par des certifications, vos comp√©tences cl√©s pour ce poste incluent : Automatisation : scripting avec PowerShell, Azure CLI, Terraform Monitoring : Surveillance des performances et de la disponibilit√©, mise en place d‚Äôalertes (Azure Monitor, Log Analytics‚Ä¶) S√©curit√© : S√©curisation des ressources Azure (Firewall, DDoS‚Ä¶) Vous avez une bonne connaissance des meilleures pratiques de d√©ploiement.",None,EXPERTIME,https://www.expertime.com/,https://www.linkedin.com/company/135249,"Big Data, E-commerce, IT / Digital",,"NoneTransact-SQL, Symfony, PHP, Microsoft SQL Server, MariaDB, Magento, Drupal, C#, Azure SQL Database, Azure Kubernetes Service (AKS), ASP.NET, .NET, Microsoft IIS, DialogFlow, Node.js, Webpack, Vue.js, Microsoft PowerApps, jQuery, HTML5, D3.js, CSS3, Bootstrap, AngularJS, Angular, SASS, React JS, Terraform, PowerShell, Git, Azure PaaS, Azure Machine Learning, Azure Functions, Azure Devops, Azure, Kubernetes, Docker, R, Python (Data Science), Power BI, Hadoop, Azure IoT Hub, Azure Databricks, Azure Data Factory, Azure Cosmos DB, Azure Cognitive Services, Apache Spark, PWA, Xamarin, Team Foundation Server, Microsoft Teams, Microsoft Flow, Microsoft 365, Visual Studio Code, Visual Studio, Azure Analytics, Photoshop","Viroflay, Aix-En-Provence, Hong Kong, Lyon, Nantes, Paris",todo,"Qui sont-ils ? Expertime est un cabinet de conseil, d‚Äôint√©gration et d‚Äôadoption, qui combine une expertise technologique forte dans diff√©rents environnements (Microsoft, Nintex, Magento, Wordpress etc‚Ä¶) ainsi qu‚Äôune exp√©rience m√©tier et m√©thodologique. En tant que partenaire privil√©gi√© de Microsoft, nous avons re√ßu en 2022 : l‚ÄôAward Technical Skills: d√©cern√© par Microsoft, il r√©compense l‚Äôengagement et la qualit√© de prestation des √©quipes d‚ÄôExpertime sur les technologies Microsoft. 3 Advanced Spezialisations : en Low Code, Data Analytics et Azure. NOTRE MISSION : Accompagner les organisations √† tirer parti du digital comme levier de transformation des m√©tiers, des processus et des hommes gr√¢ce √† des offres sur les diff√©rents enjeux : APPS & Azure - Innover pour des usages performants : concevoir des solutions sur mesure en exploitant l‚Äô√©cosyst√®me cloud de Microsoft. La ma√Ætrise de diff√©rents frameworks et les mises en ≈ìuvre m√©thodologiques de type DevOps ou GreenOps en garantissent le retour sur investissement dans la dur√©e. Data & Analytics ‚Äì Ma√Ætriser les donn√©es d‚Äôentreprise : mettre en place d‚Äôune architecture s√©curis√©e en environnement cloud Microsoft afin de pouvoir exploiter et valoriser au mieux la donn√©e Low Code ‚Äì Transformer rapidement les m√©tiers : rendre plus accessible le d√©veloppement d‚Äôapplications, formulaires ou processus via des technologies simples bas√©es sur du drag & drop et l‚Äôutilisation de formules pr√©√©tablies. Modern Workplace ‚Äì Lib√©rer les forces des √©quipes : accompagner les collaborateurs dans leur ma√Ætrise des outils collaboratifs afin qu‚Äôils gagnent en efficacit√© notamment en stimulant l‚Äôintelligence collective. E-commerce - D√©velopper sa performance business : avec une exp√©rience de plus de 15 ans dans le d√©veloppement de solutions e-commerce en concevant des marketplaces construites dans l‚Äô√©cosyst√®me Azure ou bien via des solutions comme Magento ou Shopify QUELQUES CHIFFRES : Nous sommes pr√©sents dans 4 r√©gions en France m√©tropolitaine (Viroflay 78, Nantes 44, Lyon 69, Aix-en-Provence 13) et poss√©dons √©galement un bureau √† Hong-Kong. L‚Äôentreprise compte 160 collaborateurs et r√©alise en 2022 un chiffre d‚Äôaffaires de 21M‚Ç¨. 80% de nos collaborateurs sont certifi√©s !",https://cdn-images.welcometothejungle.com/O_VRhw65rnzD1_Ez0oMODXjFKMogbvzYNk1E7xDJ-uE/rs:auto:400::/q:85/czM6Ly93dHRqLXByb2R1Y3Rpb24vdXBsb2Fkcy9vcmdhbml6YXRpb24vbG9nby80NTU2LzE1MDY2OS82ZmMyNDdlNy0zMzJlLTRjZDktYjdhNi1jOWMzYzkxYzQyNjcucG5n,"None, , , , , , , , , , , , , , , , , , , , ",21
https://www.welcometothejungle.com/fr/companies/dilitrust/jobs/lead-devops-engineer-f-h_la-defense?q=3bac4df0f52397b4e4df1bd50c195251&o=1595105,Lead DevOps Engineer (F/H),None,"Esplanade du G√©n√©ral de Gaulle, La D√©fense, 92400",todo,2023-05-26,"Descriptif du poste Le poste est localis√© √† Paris et la D√©fense au sein d‚Äôune √©quipe de 12 personnes r√©parties entre la France, le Canada et l‚ÄôEspagne. Tu interviendras dans un contexte international (Europe, NorAm, EMA) avec la gestion automatis√©e de notre infrastructure constitu√©e de plus de 350 assets h√©berg√©s sur nos cloud providers. Mission La mission principale consiste √† g√©rer, automatiser et faire √©voluer l‚Äôinfrastructure de d√©veloppement, staging et production: Avoir un r√¥le d‚Äôexpert pour conseiller et influencer la trajectoire sur les pratiqus en termes de DevOps Automatisation des t√¢ches via Terraform, Ansible Automatisation des d√©ploiements et des applications via la CI Gestion et suivi du parc, de son cycle de vie et des acc√®s utilisateurs Gestion des incidents N3 Administration des syst√®mes Linux, Docker et orchestrateurs Kubernetes Optimisation des ressources et gestion finOps D√©finition des normes et hardening Automatisation des logs, des backups et du monitoring",None,DILITRUST,https://www.dilitrust.com/,https://www.linkedin.com/company/dilitrust,"Logiciels, SaaS / Cloud Services, Service juridique",,None,"La D√©fense, Ciudad Cuauht√©moc, Dubai, Madrid, Milano, Montreal, Paris",todo,"Qui sont-ils ? Editeur SaaS leader en Europe, nous digitalisons les d√©partements juridiques de nos clients gr√¢ce √† l‚ÄôIA ! Du compte rendu d‚ÄôAssembl√©e G√©n√©rale √† la gestion de vie des contrats gr√¢ce √† l‚ÄôIA, nos bureaux en France, Espagne, Italie, Canada, Mexique ou encore Duba√Ø, nous permettent d‚Äôaccompagner au quotidien nos 2000 clients √† travers le monde, dont 80% du Cac40. Notre forte croissance nourrit une ambition claire‚ÄØ: devenir la premi√®re Legaltech Fran√ßaise √† atteindre le statue de Licorne‚ÄØet une valorisation sup√©rieure √† 1 Milliard d‚Äô‚Ç¨‚ÄØ!! Dilitrust a obtenu le label ¬´‚ÄØHappy at work‚ÄØ¬ª en 2019, 2021, 2022 !",https://cdn-images.welcometothejungle.com/Mic4HGXUFv9F0qwbPg_6Ze1VrkCwgMUAlw9_c4J3wlE/rs:auto:400::/q:85/czM6Ly93dHRqLXByb2R1Y3Rpb24vdXBsb2Fkcy9vcmdhbml6YXRpb24vbG9nby8xNTYxLzE2NDg4My8xM2Y2OTRmZC1lMTZmLTQxMjctODQ5Yy1jMWFlODUyMjljNjQucG5n,"NoneIng√©nieur Support IT, Customer Success - Sp√©cialiste Support Produit, Customer Success / Chef de projet onboarding clients, Administrateur Bases de Donn√©es DevOps
D√©j√† vu, Account manager/CSM (F/H), Legal expert (F/H), Lead DevOps Engineer (F/H)
D√©j√† vu",7
